Data Source,World Development Indicators,,,,,,,,,,,,,,,,,,,,,,
https://data.worldbank.org/indicator/SH.MLR.INCD.P3,,,,,,,,,,,,,,,,,,,,,,,
0,1,2,3,4,5,6,7,8,9,10,11,12,13,14,15,16,17,18,19,20,21,22,
Country Name,Country Code,2000,2001,2002,2003,2004,2005,2006,2007,2008,2009,2010,2011,2012,2013,2014,2015,2016,2017,2018,2019,2020,2021
Aruba,ABW,,,,,,,,,,,,,,,,,,,,,,
Africa Eastern and Southern,AFE,299.0097429,303.9145157,287.9884077,281.2598256,268.6565203,248.5153025,235.3669004,220.376873,203.7388649,202.3172919,197.3548006,188.1174386,187.4815127,187.082245,179.3241523,175.0984464,171.8002064,179.3551315,167.3939693,164.5430067,174.7341283,
Afghanistan,AFG,81.96955585,78.83206639,79.38578611,68.09155879,37.61646572,27.07907176,20.52607465,21.66776898,18.85517968,12.56366793,12.98047344,15.60724126,9.186410659,11.24214452,12.40709028,13.88185867,26.88333194,28.5541483,22.10977203,14.10089376,8.436813645,
Africa Western and Central,AFW,419.5151661,412.4819202,397.8363947,392.6101597,391.4386412,388.1264331,383.8745818,381.467135,381.2844008,374.5985099,363.9579415,351.1019199,334.3474938,316.4331559,303.1308274,295.0458331,288.6021165,285.1165452,282.6931722,276.6523872,285.8984965,
Angola,AGO,325.7036072,326.6506953,309.1209423,313.7309944,313.7325784,316.0221336,301.3629593,274.332707,233.4539997,196.8126888,172.7190588,157.1727608,154.2163281,160.6983545,166.7796696,176.6835411,189.4521768,208.948763,214.2472131,227.253733,251.5823214,
Albania,ALB,,,,,,,,,,,,,,,,,,,,,,
Andorra,AND,,,,,,,,,,,,,,,,,,,,,,
Arab World,ARB,29.60586044,29.4077223,26.5167451,24.62357131,22.00866546,22.89539022,22.50274486,18.57522396,13.49953522,11.75216923,13.7816945,11.80412844,11.45846034,11.43865398,12.11272829,13.08538219,15.77107014,15.89094781,16.84165434,17.55489014,18.85360345,
United Arab Emirates,ARE,,,,,,,,,,,,,0,0,0,0,0,0,0,0,0,
Argentina,ARG,2.386725467,1.153569627,0.663453781,0.651127133,0.602725775,1.187880533,0.875545307,1.653050836,0.523952096,0.454516261,0.26408709,0,0,0,0,0,0,0,0,0,0,
Armenia,ARM,0.045934369,0.025895815,0.017139226,0.00960921,0.015662934,0.002347999,,0,0,,0,,0,,0,0,0,0,0,0,,
American Samoa,ASM,,,,,,,,,,,,,,,,,,,,,,
Antigua and Barbuda,ATG,,,,,,,,,,,,,,,,,,,,,,
Australia,AUS,,,,,,,,,,,,,,,,,,,,,,
Austria,AUT,,,,,,,,,,,,,,,,,,,,,,
Azerbaijan,AZE,8.168159167,5.590414614,2.652701027,2.495944091,1.986363052,1.232254517,0.710352506,0.538231908,0.35485111,0.380005846,0.240678521,0.01901466,0.014078757,0,0,0,0,0,0,0,,
Burundi,BDI,477.7707528,468.9377716,430.5758043,383.6503448,331.5454911,292.6359602,261.9788771,223.5228293,197.2824862,174.8278479,169.315204,164.9044484,164.6086218,170.3041476,176.2169808,194.2728735,228.8994605,250.0573104,288.4431034,297.1356941,294.8686886,
Belgium,BEL,,,,,,,,,,,,,,,,,,,,,,
Benin,BEN,423.3426829,432.8017129,448.6623078,460.2369825,479.1334919,486.0950389,485.5864619,482.0040474,467.3943577,442.7175025,416.3781107,387.1200928,365.4419959,359.5166381,364.2459068,386.1354646,418.4942852,422.1782498,409.7846458,401.2998393,388.3069467,
Burkina Faso,BFA,603.2110232,601.9377477,595.8520461,585.1232719,562.4112856,533.8450827,518.0737127,526.3095521,555.7434874,571.9708703,571.2891674,557.0880085,534.1525191,487.199076,448.0786993,423.6169548,382.631507,369.6702317,369.2079869,366.0814818,389.924011,
Bangladesh,BGD,6.879263935,6.879252709,6.879218564,6.879263404,6.879223438,6.87924079,4.523055215,8.274756033,7.800657665,5.136798168,4.367504586,3.951819599,2.178579468,1.923363164,3.988744319,2.706663243,1.861451518,1.941124711,0.714407638,1.20930709,0.426053297,
Bulgaria,BGR,,,,,,,,,,,,,,,,,,,,,,
Bahrain,BHR,,,,,,,,,,,,,,,,,,,,,,
"Bahamas, The",BHS,,,,,,,,,,,,,,,,,,,,,,
Bosnia and Herzegovina,BIH,,,,,,,,,,,,,,,,,,,,,,
Belarus,BLR,,,,,,,,,,,,,,,,,,,,,,
Belize,BLZ,8.708238838,6.602422782,6.263566919,7.121917108,5.587119227,7.910325809,4.198524547,4.095361337,2.550695064,1.179120358,0.674157303,0.315980725,0.141497299,0.083844435,0.0779257,0.036139063,0.015735951,0.026997424,0.011349965,0,0,
Bermuda,BMU,,,,,,,,,,,,,,,,,,,,,,
Bolivia,BOL,11.95224235,5.736527189,4.983919749,6.823250632,4.911100239,6.517020631,6.039273814,4.56579411,2.995238682,2.975627683,4.093010645,2.089219605,2.134221459,2.280273792,2.26343231,1.88896534,1.500557664,1.220001887,1.405473055,2.422676899,3.116866637,
Brazil,BRA,21.44046584,12.98592228,11.17265829,12.61678118,13.83381681,17.42217426,15.29356061,13.84882874,8.61147744,8.35535331,9.816871277,7.083696176,6.379753942,4.843852475,3.561596284,3.965258162,3.154564635,5.236088919,5.145844633,4.169917193,3.872507712,
Barbados,BRB,,,,,,,,,,,,,,,,,,,,,,
Brunei Darussalam,BRN,,,,,,,,,,,,,,,,,,,,,,
Bhutan,BTN,13.57036698,13.39168784,14.28295653,8.19197548,5.648187714,3.801528944,3.839844762,1.611768962,0.661982487,2.105732893,0.859501135,0.378138894,0.157944411,0.028540279,0.035707641,0.06312264,0.027514757,0.019937794,0.010747815,0.003541773,0.038529436,
Botswana,BWA,17.57326323,6.933417397,3.241191357,1.619323345,1.039715065,1.229090373,3.944389125,1.039093897,1.934603017,2.099406391,1.691954902,0.510412948,0.224821973,0.529460375,1.497062205,0.322903687,0.918304426,1.997371951,0.537339041,0.168269813,1.128229469,
Central African Republic,CAF,441.9642673,433.9363399,434.4250287,438.8739522,446.471272,444.805838,440.1046606,432.3049716,422.8060864,409.5768581,395.6017703,385.8120113,377.7249222,371.1902912,362.6547908,346.4428574,334.1202988,328.6993995,324.6672203,322.8727515,335.994471,
Canada,CAN,,,,,,,,,,,,,,,,,,,,,,
Central Europe and the Baltics,CEB,,,,,,,,,,,,,,,,,,,,,,
Switzerland,CHE,,,,,,,,,,,,,,,,,,,,,,
Channel Islands,CHI,,,,,,,,,,,,,,,,,,,,,,
Chile,CHL,,,,,,,,,,,,,,,,,,,,,,
China,CHN,0.01478783,0.03887478,0.046420982,0.051512313,0.048883954,0.039200102,0.062869517,0.051774474,0.02925243,0.016225109,0.008669177,0.002259694,0.000419182,0.000141803,9.01E-05,6.59E-05,1.68E-06,0,0,0,0,
Cote d'Ivoire,CIV,510.6696219,521.9457015,523.0781186,521.565389,515.9002594,486.0779472,475.7417709,471.2861707,477.9308103,485.2528874,481.8616853,466.6120301,382.5103768,294.2495635,265.473246,247.7355694,251.3122134,259.9839795,272.3359708,281.1870906,287.0468596,
Cameroon,CMR,403.7315076,407.1032481,401.9880661,416.4661959,433.2755365,431.8448546,419.1290265,399.7880865,363.4477995,315.4641034,290.8703286,268.4428762,258.028583,262.1033822,261.8995899,261.2985128,257.6119941,250.5688537,247.3347655,244.103089,259.9581615,
"Congo, Dem. Rep.",COD,469.5237312,469.8341284,470.3380072,474.5093026,481.241601,481.6890653,473.9140691,464.0551288,444.963445,413.9672429,389.9127211,365.7190425,345.523943,326.4920892,307.5046598,295.7635393,297.4805387,308.2104085,320.8788742,320.6746876,324.2074264,
"Congo, Rep.",COG,355.3609685,351.2755094,319.8932689,314.4563337,308.7283519,287.134034,263.6548191,241.4066839,219.018035,206.1856516,201.1332936,198.4819932,195.6916738,193.9491953,186.5000058,184.0141859,190.0240434,205.8386902,217.6323416,215.9171334,213.1771272,
Colombia,COL,24.01729355,37.36692778,32.2045874,27.68083806,21.19805329,17.67664572,17.29545462,17.88600221,11.22375878,11.15903914,16.43691732,8.915572408,8.25198028,7.028225984,5.484037157,8.064274667,10.83402388,7.47708519,8.534024542,10.746054,9.40926471,
Comoros,COM,65.10275501,63.5641623,62.06890497,60.60735958,59.17653165,57.7739628,56.40242199,55.06028453,53.74855263,52.4648311,52.97696376,35.17799875,68.85261755,71.68605725,2.901012655,1.672165519,1.436657001,3.968595265,18.24534255,20.68302521,5.227720951,
Cabo Verde,CPV,1.293498374,0.944545471,0.659905529,0.581295948,0.379043127,0.56484035,0.655823715,0.145728928,0.279957446,0.513699983,0.366938097,0.053969453,0.007612552,0.165348886,0.192948475,0.051307611,0.347584289,3.026855291,0.014146473,0,0,
Costa Rica,CRI,1.354889464,0.965348726,0.71133864,0.492652074,0.871650334,2.360783132,1.908742012,0.793321826,0.618401081,0.165586143,0.068660784,0.006166825,0.003656751,0,0,0,0.002332678,0.006926471,0.040004458,0.053774214,0.050478452,
Caribbean small states,CSS,,,,,,,,,,,,,,,,,,,,,,
Cuba,CUB,,,,,,,,,,,,,,,,,,,,,,
Curacao,CUW,,,,,,,,,,,,,,,,,,,,,,
Cayman Islands,CYM,,,,,,,,,,,,,,,,,,,,,,
Cyprus,CYP,,,,,,,,,,,,,,,,,,,,,,
Czech Republic,CZE,,,,,,,,,,,,,,,,,,,,,,
Germany,DEU,,,,,,,,,,,,,,,,,,,,,,
Djibouti,DJI,3.404413473,3.40546293,3.404445238,3.405492322,3.404552422,3.404991377,3.40521372,3.405476907,3.4040885,4.326689197,1.602978684,3.405270985,3.405362563,2.542266693,14.00532377,13.82062224,19.83744831,20.72178068,34.54941143,67.66572295,97.62431133,
Dominica,DMA,,,,,,,,,,,,,,,,,,,,,,
Denmark,DNK,,,,,,,,,,,,,,,,,,,,,,
Dominican Republic,DOM,0.326606189,0.277644058,0.350611437,0.406774988,0.616187193,0.987836046,0.893097508,0.676123847,0.453960968,0.400943535,0.599595825,0.386286318,0.225222467,0.110754516,0.10108614,0.137374474,0.148587061,0.072528451,0.091225211,0.269135682,0.170537026,
Algeria,DZA,0.01864627,0.0032477,0.005344253,0.00263825,0.001041484,0.000513554,0.000506054,0.012954872,0.001470534,0,0.00047319,0.000464362,0.025046336,0.003570869,0,0,0,0,0,0,0,
East Asia & Pacific (excluding high income),EAP,6.142109007,5.780942647,5.395869211,5.421271976,5.801225326,5.36092722,5.298566903,4.702322788,4.825201802,5.239547406,5.92791357,4.687700846,5.299476766,3.930187322,3.535611275,2.517000815,2.650971075,2.340318912,2.221835697,1.998265848,2.346611242,
Early-demographic dividend,EAR,28.9317721,28.93466488,26.73390967,27.15869615,27.85428748,26.56082775,23.64667004,22.12104537,21.27686467,23.60666525,24.66601836,22.15981253,21.26068752,19.62928311,18.6973161,17.7037933,16.73312323,15.87763323,11.79607685,10.1695334,9.728283078,
East Asia & Pacific,EAS,6.124702345,5.763105496,5.37863937,5.403348875,5.781715469,5.343561977,5.282194815,4.688276461,4.809637598,5.222476416,5.908931936,4.672259198,5.281902931,3.917279532,3.524238882,2.509153523,2.642690181,2.332959557,2.214970546,1.99216024,2.339289659,
Europe & Central Asia (excluding high income),ECA,,,,,,,,,,,,,,,,,,,,,,
Europe & Central Asia,ECS,,,,,,,,,,,,,,,,,,,,,,
Ecuador,ECU,282.8697226,289.3793529,226.5195822,133.6398078,72.51424793,42.31987371,24.07430008,19.66869979,11.54706059,9.583625611,4.316188221,2.741971067,1.206435803,0.803993752,0.520613722,1.308163533,2.478404998,2.60669563,3.320357225,3.561354856,3.761782315,
"Egypt, Arab Rep.",EGY,0,0,0,0,0,0,0,0,0,0,0,0,0,0,0,0,0,0,0,0,0,
Euro area,EMU,,,,,,,,,,,,,,,,,,,,,,
Eritrea,ERI,18.34224461,22.93364147,13.22943146,19.02750203,5.549286733,9.792500176,5.632907033,12.53712615,6.780436871,8.864329855,26.32791631,23.85772856,16.14809865,15.02657512,33.12422013,19.1515063,25.63586943,33.96765326,28.87977486,57.29919817,44.80255762,
Spain,ESP,,,,,,,,,,,,,,,,,,,,,,
Estonia,EST,,,,,,,,,,,,,,,,,,,,,,
Ethiopia,ETH,222.3265411,231.7407602,205.8628516,217.6710338,222.2745304,152.0392393,141.7540045,121.4837299,100.6372892,135.9037554,155.2833933,155.2152306,174.5785357,191.6064847,158.7776409,133.7850205,92.28263331,67.05237292,37.60894327,34.70765168,54.1261879,
European Union,EUU,,,,,,,,,,,,,,,,,,,,,,
Fragile and conflict affected situations,FCS,293.2547489,291.4316842,281.1690397,279.3720245,280.4492712,272.0286094,267.4631169,262.7101533,255.4709609,251.6627622,245.7804156,234.1724679,228.9352164,221.732186,212.4421259,204.7474624,201.6730832,202.3685156,200.61056,198.8287917,208.6795533,
Finland,FIN,,,,,,,,,,,,,,,,,,,,,,
Fiji,FJI,,,,,,,,,,,,,,,,,,,,,,
France,FRA,,,,,,,,,,,,,,,,,,,,,,
Faroe Islands,FRO,,,,,,,,,,,,,,,,,,,,,,
"Micronesia, Fed. Sts.",FSM,,,,,,,,,,,,,,,,,,,,,,
Gabon,GAB,324.1405811,306.8501949,274.9648765,231.6625074,177.5772868,142.30772,120.266211,109.8701925,117.1021074,142.8494033,172.4019885,201.0870049,226.0828713,241.2422196,259.9202357,253.9254193,230.2769784,218.9211415,209.3697137,206.6475864,215.4634349,
United Kingdom,GBR,,,,,,,,,,,,,,,,,,,,,,
Georgia,GEO,5.616560831,10.19339524,11.13067982,7.454764208,6.081688674,3.681622764,1.408215385,0.575981569,0.144836576,0.02427538,0,0,0,0,0,0,0,0,0,0,,
Ghana,GHA,435.2347261,419.9303951,391.1704495,370.8955549,352.2653468,336.3853499,327.9939365,328.5893026,342.2000293,359.7310208,371.7457826,376.216361,366.070888,341.4901005,310.783273,275.8208197,237.4804644,200.8935059,171.7055953,161.4814889,162.8479743,
Gibraltar,GIB,,,,,,,,,,,,,,,,,,,,,,
Guinea,GIN,445.022319,442.7458352,426.0857432,404.3830429,370.8556466,343.6630758,333.3249887,336.5329367,356.1859187,384.619754,406.7508503,421.8601119,429.7427946,414.7398548,398.8507726,382.2166119,360.8132908,353.731207,349.2692133,327.8498433,319.5382977,
"Gambia, The",GMB,373.1706873,361.4666892,350.2385237,339.5368726,329.3458708,319.6039501,310.2207806,301.1118117,292.2237061,283.5439416,275.0871487,256.4056225,275.0580046,292.6983034,150.0570395,215.967994,138.2221862,66.876101,85.96933808,46.8437992,87.26782043,
Guinea-Bissau,GNB,399.449765,330.8730712,260.8903953,192.0677754,127.4564291,94.82716957,77.35147527,75.47191198,88.40335716,107.594749,124.6253948,127.8858039,121.2886632,111.831939,95.0430534,78.49381219,65.64450633,57.1053953,56.74052875,63.46031609,88.9162489,
Equatorial Guinea,GNQ,388.1289386,389.0371749,388.9439054,392.4272212,394.4241501,396.4793797,392.6033851,385.9150576,358.8197096,327.2056336,312.4973507,310.3050987,328.2117474,347.7116569,345.0185472,333.6491025,319.902961,296.2168227,265.8113351,246.2953048,240.8379277,
Greece,GRC,,,,,,,,,,,,,,,,,,,,,,
Grenada,GRD,,,,,,,,,,,,,,,,,,,,,,
Greenland,GRL,,,,,,,,,,,,,,,,,,,,,,
Guatemala,GTM,7.239710762,4.740970606,4.580051793,3.900661459,3.532265669,4.707148256,3.619849908,1.739592851,0.796408002,0.766588475,0.857236295,0.70606112,0.543189178,0.61850257,0.479503393,0.52831136,0.467852719,0.378402994,0.27195054,0.182933165,0.091757235,
Guam,GUM,,,,,,,,,,,,,,,,,,,,,,
Guyana,GUY,45.03440388,50.95772176,41.16065087,51.91091094,54.19605035,73.15226307,37.01956896,21.02810937,21.91305745,23.90874635,39.53804892,51.67752839,57.68161528,75.67554041,29.2256321,23.49390761,25.04268418,32.46441646,39.49771953,33.60735844,28.17207609,
High income,HIC,,,,,,,,,,,,,,,,,,,,,,
"Hong Kong SAR, China",HKG,,,,,,,,,,,,,,,,,,,,,,
Honduras,HND,8.647581581,5.789026961,4.023082818,3.216762336,3.843169926,3.473475674,2.489897535,2.115381162,1.624119243,1.747262892,1.766401498,1.336797804,1.109018853,0.907311101,0.561269818,0.580534082,0.657220584,0.19974705,0.107434292,0.050294347,0.122386292,
Heavily indebted poor countries (HIPC),HPC,330.6252396,330.7863678,316.2336599,308.9642491,297.289934,280.9568341,270.2823996,259.0596704,250.7363281,250.5126375,248.2760153,240.8405436,236.1462562,229.5824106,218.0955588,211.3353647,205.415664,206.4440366,196.5643542,189.7007455,197.9727456,
Croatia,HRV,,,,,,,,,,,,,,,,,,,,,,
Haiti,HTI,9.588944539,9.588907338,9.588895722,9.588967362,9.588951612,9.588868514,9.725810223,8.639539011,10.39097804,9.588897127,9.588905018,9.029760876,7.156834977,6.731582985,3.514066718,3.368178836,3.746030704,3.375708555,1.610034702,1.759276374,3.73780915,
Hungary,HUN,,,,,,,,,,,,,,,,,,,,,,
IBRD only,IBD,13.844936,13.77097621,12.88810262,13.39480759,14.21052607,15.00769313,12.89862817,12.15711959,11.95625711,11.79909266,11.61066239,10.02832223,8.608849679,7.340447861,7.29247639,7.655992176,8.048910098,7.040927807,6.019957228,5.717872043,5.560046219,
IDA & IBRD total,IBT,82.01168638,82.42552891,79.32983774,78.97511917,78.45919921,76.84157133,74.09371072,72.09983793,70.74385098,70.93285981,69.84562728,66.85319425,64.77096947,62.24158479,60.29635704,59.33149872,59.16183093,59.61228955,57.67496417,56.71108475,59.98850158,
IDA total,IDA,250.889975,250.5190664,240.0676714,235.7028367,230.0992207,220.9305382,214.6577269,208.1407281,202.3803583,201.422562,197.6863353,189.8393918,184.9091651,178.0407178,170.7648088,165.5896821,162.819074,164.730036,159.2717363,155.7458958,163.6574791,
IDA blend,IDB,209.7250561,208.6147416,199.903887,198.8086053,201.0018918,198.6743769,196.1459097,194.141785,188.5198875,182.9577462,172.2588469,162.5340588,153.8338315,147.4189847,144.1436138,139.8155852,140.2156488,142.3022934,141.1454298,141.2626187,148.0868112,
Indonesia,IDN,5.856180099,5.856182122,5.856182324,5.856180559,5.288463502,5.698599383,6.564471049,5.856182682,5.856183175,5.856180598,8.944175978,8.02729728,7.855937012,6.597557402,4.951501067,4.369207809,4.515339713,3.054392758,2.230189496,2.436872339,2.869419509,
IDA only,IDX,277.169007,277.2251927,265.6083871,259.10587,248.5099914,234.9796744,226.3178505,216.9403066,211.0770741,212.990947,213.5987636,206.9138439,204.3314644,197.171361,187.385948,181.666191,176.8987808,178.6766531,170.5201671,164.7113077,173.3608306,
Isle of Man,IMN,,,,,,,,,,,,,,,,,,,,,,
India,IND,19.91361451,19.99201261,18.53740441,19.48511917,21.27077204,22.63056626,18.22590491,17.35703273,17.90937834,18.14240188,17.53194157,14.79684043,11.81864749,9.176262411,9.188362067,9.682005523,10.04493014,7.466361527,5.35493629,4.345677463,3.217006888,
Not classified,INX,,,,,,,,,,,,,,,,,,,,,,
Ireland,IRL,,,,,,,,,,,,,,,,,,,,,,
"Iran, Islamic Rep.",IRN,29.42625079,28.45182734,22.64704641,33.876081,19.63232537,26.62743077,22.08466831,21.5721945,11.33834272,5.835645655,2.452480697,2.14167045,0.980211653,0.613410511,0.452634573,0.208384026,0.099710961,0.069201632,0,0,0,
Iraq,IRQ,0.608900555,0.401962083,0.293722998,0.104085896,0.045311065,0.01342897,0.006725975,0.000826797,0.001625952,0,0,0,0,0,0,0,0,0,0,0,0,
Iceland,ISL,,,,,,,,,,,,,,,,,,,,,,
Israel,ISR,,,,,,,,,,,,,,,,,,,,,,
Italy,ITA,,,,,,,,,,,,,,,,,,,,,,
Jamaica,JAM,,,,,,,,,,,,,,,,,,,,,,
Jordan,JOR,,,,,,,,,,,,,,,,,,,,,,
Japan,JPN,,,,,,,,,,,,,,,,,,,,,,
Kazakhstan,KAZ,,,,,,,,,,,0,0,0,0,0,0,0,0,0,0,,
Kenya,KEN,216.7955276,241.6613643,223.4876152,209.2249041,178.0768262,136.5335556,103.4976832,79.70836825,66.33680291,62.76892153,64.01905979,65.88105545,68.78956473,71.34954491,70.74807988,68.77052232,65.96076403,62.5417603,59.74984554,56.45128403,50.92648126,
Kyrgyz Republic,KGZ,0.001823793,0.003874954,0.699911028,0.11788596,0.023152766,0.056835907,0.079559371,0.023739935,0.004391449,0.000240323,0.000709322,0,0,0,0,0,0,0,0,0,,
Cambodia,KHM,77.83899701,44.30431979,39.05085984,51.13413197,43.62262566,41.40992713,45.951244,19.76003494,21.88550217,42.76845176,34.90538113,35.78930499,24.87575088,15.88542573,22.25972153,19.93667804,11.13360088,17.90332473,23.69294269,12.01437467,5.847343369,
Kiribati,KIR,,,,,,,,,,,,,,,,,,,,,,
St. Kitts and Nevis,KNA,,,,,,,,,,,,,,,,,,,,,,
"Korea, Rep.",KOR,1.261251917,0.765398937,0.535421766,0.346627838,0.254526386,0.401575325,0.599421738,0.64881016,0.308762823,0.259964259,0.365319818,0.144905496,0.112435093,0.108677147,0.15723124,0.176241618,0.168682214,0.12189844,0.139865294,0.135256787,0.099196342,
Kuwait,KWT,,,,,,,,,,,,,,,,,,,,,,
Latin America & Caribbean (excluding high income),LAC,15.9336156,13.26210823,11.75705989,11.29209817,10.82985676,11.95501653,10.18465537,8.952744575,6.198261916,5.993629672,7.003111019,5.108960578,4.703386745,4.293199896,3.236651223,3.839300409,3.483254778,3.916930959,3.793252585,3.514349302,3.426754597,
Lao PDR,LAO,32.40095966,22.05610159,17.63391264,15.75257397,13.6895218,11.6953007,16.09660395,14.76953315,13.17292073,14.83603194,13.45945434,9.193763887,23.83858505,20.14571785,25.40424795,17.81483282,7.540913287,4.037933188,4.260311742,3.10677717,1.498773563,
Lebanon,LBN,,,,,,,,,,,,,,,,,,,,,,
Liberia,LBR,465.9321378,458.7515336,445.2458023,430.274727,408.6582895,393.4956934,381.0497442,374.8556794,372.1618587,354.199869,337.3964404,327.004022,313.7292167,322.2609223,342.0674994,347.9016839,373.2618556,392.2958583,383.2449051,369.647509,358.0457985,
Libya,LBY,,,,,,,,,,,,,,,,,,,,,,
St. Lucia,LCA,,,,,,,,,,,,,,,,,,,,,,
Latin America & Caribbean,LCN,14.07436704,11.65464875,10.4614141,10.09409688,9.842486431,10.76969435,9.140707384,8.113265644,5.640565013,5.495057162,6.4799024,4.809792466,4.521795938,4.39287805,3.586013075,4.494839726,5.088520909,6.921050995,6.737406578,6.420847504,4.643306855,
Least developed countries: UN classification,LDC,282.2282103,282.5652602,270.1026408,263.8021633,253.352624,240.0738666,230.8767399,219.7381635,211.1128033,210.8237491,210.0026205,201.981497,201.8101089,197.6982916,189.1064425,184.9284069,181.3822133,185.0145505,176.9782781,171.2665964,179.5050133,
Low income,LIC,300.6688989,303.2851904,291.1329164,284.1155953,272.6131875,257.0096046,248.2166344,237.8939926,231.6991905,235.7671885,235.7969785,229.6685558,229.9192837,225.928823,214.3634729,207.8909836,203.7354991,207.9678102,197.8167662,190.7937538,199.2690897,
Liechtenstein,LIE,,,,,,,,,,,,,,,,,,,,,,
Sri Lanka,LKA,48.63309646,15.29347906,9.445144786,2.37700632,0.834259354,0.36482167,0.130461445,0.043386134,0.141200039,0.114726323,0.146774848,0.026429911,0.004870305,0,0,0,0,0,0,0,0,
Lower middle income,LMC,68.93640402,68.50468202,65.43567031,65.50945716,66.23014688,66.07247977,62.93895211,61.48576946,60.20101154,58.97866932,57.26253858,53.41206403,49.72893891,46.11921824,45.19058988,44.58533433,44.70205298,43.8205847,42.52481064,42.27189992,44.18297197,
Low & middle income,LMY,82.20012594,82.62957829,79.51966828,79.13798358,78.61741468,76.99696973,74.24904042,72.25047821,70.90044591,71.09002062,69.99654518,67.00160785,64.91555346,62.37154388,60.41705936,59.43354709,59.22782085,59.62325325,57.67964749,56.7125836,60.0551387,
Lesotho,LSO,,,,,,,,,,,,,,,,,,,,,,
Late-demographic dividend,LTE,2.260607904,1.819290706,1.503127691,1.313323958,1.21762072,1.341241421,1.219474251,1.101864567,0.729642346,0.715371433,0.851936761,0.613950302,0.603016194,0.504966455,0.366558097,0.359972748,0.34609315,0.414214844,0.426145364,0.398089846,0.370099599,
Lithuania,LTU,,,,,,,,,,,,,,,,,,,,,,
Luxembourg,LUX,,,,,,,,,,,,,,,,,,,,,,
Latvia,LVA,,,,,,,,,,,,,,,,,,,,,,
"Macao SAR, China",MAC,,,,,,,,,,,,,,,,,,,,,,
St. Martin (French part),MAF,,,,,,,,,,,,,,,,,,,,,,
Morocco,MAR,0.00010419,0,0.000645057,0.000134305,3.32E-05,0,0,0,0,0,0,0,0,0,0,0,0,0,0,0,0,
Monaco,MCO,,,,,,,,,,,,,,,,,,,,,,
Moldova,MDA,,,,,,,,,,,,,,,,,,,,,,
Madagascar,MDG,57.46166979,68.35376543,53.59430131,68.29460658,46.85358506,36.14888201,35.30262949,22.75491007,23.47268589,42.91988255,42.24447844,37.87431642,71.35712253,65.20949047,45.70939839,96.80367482,56.579098,75.66508937,70.3979501,71.02641054,133.4580717,
Maldives,MDV,,,,,,,,,,,,,,,,,,,,,,
Middle East & North Africa,MEA,8.020793725,8.729988234,9.464864621,8.507329865,6.683545206,6.902867506,8.061079748,5.630537504,3.486797185,4.4039606,6.919645419,4.77587505,4.837473916,3.876064055,3.246629957,2.804123386,3.561542425,3.954434529,4.571971385,4.470058838,4.19621678,
Mexico,MEX,3.524626599,2.349599308,2.144993986,1.747572549,1.537200616,1.320245093,1.102498602,1.020128637,1.003284832,1.133697447,0.506868984,0.458262443,0.335047856,0.196496019,0.257100843,0.200124333,0.210734292,0.278231521,0.300159537,0.228499509,0.130241965,
Marshall Islands,MHL,,,,,,,,,,,,,,,,,,,,,,
Middle income,MIC,52.43974372,52.17822834,49.91772293,50.06020509,50.70164297,50.71672464,48.45058578,47.34820909,46.37174577,45.58791051,44.13807485,41.28092078,38.52803001,35.87347449,35.19235435,34.79799847,34.93090739,34.34202412,33.42303566,33.20458796,35.01687842,
North Macedonia,MKD,,,,,,,,,,,,,,,,,,,,,,
Mali,MLI,406.2293997,407.446483,416.4582776,423.808857,429.3725854,431.2402739,405.7103417,388.8055156,379.0587334,374.5623114,383.6034269,404.7329505,435.6505826,452.8159338,441.0073855,391.82931,384.2218129,386.7775536,386.7775323,333.6954362,357.4502332,
Malta,MLT,,,,,,,,,,,,,,,,,,,,,,
Myanmar,MMR,48.7819614,48.7819491,48.78197314,48.78197553,48.78196786,48.78197546,34.69015466,43.44719836,52.9596956,49.89893344,66.98452016,43.71217617,57.33041769,19.82525245,12.33124183,8.67106463,5.132233924,3.800648428,3.399881299,2.444760202,2.545546174,
Middle East & North Africa (excluding high income),MNA,8.210021779,8.967524448,9.729143577,8.751456209,6.878104951,7.107281084,8.301633626,5.802913681,3.596333864,4.545016154,7.147773414,4.938765211,5.279651529,4.234953519,3.549844103,3.067745835,3.898004658,4.331199791,5.010419844,4.899561547,4.598371565,
Montenegro,MNE,,,,,,,,,,,,,,,,,,,,,,
Mongolia,MNG,,,,,,,,,,,,,,,,,,,,,,
Northern Mariana Islands,MNP,,,,,,,,,,,,,,,,,,,,,,
Mozambique,MOZ,486.4446976,501.8713762,500.4686864,483.0822586,452.0640792,415.1321511,395.6060377,382.6486382,379.2337034,375.6319689,371.8049461,368.0256331,367.0550628,366.406004,355.9926063,347.7719715,341.5708556,328.1009007,315.2610579,303.9828403,320.1939759,
Mauritania,MRT,153.5683177,159.0072546,124.1716902,118.7452531,92.54108026,84.20480405,74.07095583,71.02299695,60.88912903,31.11355899,35.21406903,45.15309369,22.93477366,24.64992114,49.20280221,61.60881634,75.67709339,55.48825452,39.4146497,28.10704559,29.99057996,
Mauritius,MUS,,,,,,,,,,,,,,,,,,,,,,
Malawi,MWI,463.2294685,465.2356136,437.9553176,398.3938412,369.7989983,363.3733699,350.059771,348.5608547,365.8873073,380.7442455,379.3916329,364.943653,320.182307,287.102254,261.834182,240.839925,224.8483065,217.9428374,208.4676834,205.8724394,228.4532818,
Malaysia,MYS,13.69412678,13.47583839,11.37932637,6.415291431,6.10743084,5.419297331,5.051150773,3.78737554,5.572587752,5.367761522,4.603299947,3.450147377,3.149492529,0.872105847,0.498885042,0.199861583,0.216720738,0.06831776,0,0,0,
North America,NAC,,,,,,,,,,,,,,,,,,,,,,
Namibia,NAM,54.63231423,71.08774572,47.89938781,45.29799637,69.66609565,42.44484049,43.57037271,12.97379498,7.45653029,4.916988735,1.53996354,1.806202424,3.138159375,4.424526679,14.28626053,8.191778615,17.12456664,46.74943185,25.84058975,2.881272386,10.04436617,
New Caledonia,NCL,,,,,,,,,,,,,,,,,,,,,,
Niger,NER,363.2285084,353.2062321,327.1295263,294.673546,299.2618266,307.4595761,304.8391862,313.5949137,352.1458683,379.5455583,414.3481318,428.117585,429.7185832,416.6250772,409.30486,403.9150645,387.5677895,364.3302305,344.9268945,326.5780433,324.1061666,
Nigeria,NGA,418.0386357,407.7618522,392.9392493,391.6551178,401.1536707,407.7854713,410.9614333,412.4350403,413.092491,400.1757655,373.2587352,350.5023591,328.0537623,308.1847174,297.3432819,292.5424196,293.9235809,297.9619261,299.0206065,300.4425358,313.7580747,
Nicaragua,NIC,13.53653119,5.910633887,4.277435944,3.682671229,3.730051059,3.543403108,1.6383062,0.703670356,0.390082605,0.307823952,0.344583296,0.454461837,0.598918424,0.555878023,0.539290039,1.062419541,2.884417603,4.975272544,7.142677445,5.851013191,11.49668161,
Netherlands,NLD,,,,,,,,,,,,,,,,,,,,,,
Norway,NOR,,,,,,,,,,,,,,,,,,,,,,
Nepal,NPL,6.904835975,7.892205976,11.87303845,10.00703663,4.712602787,4.821283982,4.700503011,5.503152969,4.005154523,3.285983881,3.850846399,2.358359264,1.743844753,1.300840978,0.625586728,0.557261274,0.423678056,0.335360707,0.335474065,0.055873073,0.028967234,
Nauru,NRU,,,,,,,,,,,,,,,,,,,,,,
New Zealand,NZL,,,,,,,,,,,,,,,,,,,,,,
OECD members,OED,,,,,,,,,,,,,,,,,,,,,,
Oman,OMN,0.002645534,0.000871475,0.002569747,0.002514496,0,0,0,0.001505365,0,0,0,0,0,0,0,0,0,0,0,0,0,
Other small states,OSS,,,,,,,,,,,,,,,,,,,,,,
Pakistan,PAK,6.640674084,7.231227533,6.57257528,6.144094192,4.438295201,5.362873553,5.278089679,5.063821979,4.526226299,5.885982758,8.195872384,10.57423539,8.975685598,7.547874755,7.152639484,5.062796777,4.999025486,4.011571984,3.381500991,3.007784633,2.50025953,
Panama,PAN,0.372147283,0.326863969,0.775612358,1.526475607,1.696242625,1.198414778,0.533645251,0.40374909,0.230180314,0.236524801,0.124856415,0.103743755,0.24343273,0.199432641,0.266278421,0.149769381,0.207139263,0.201610569,0.19525706,0.404806758,0.552436422,
Peru,PER,9.071142037,9.981960324,12.1155479,10.40080047,10.63504942,9.880028744,7.253000558,5.6283703,4.867831441,4.601362891,3.319647,2.690482067,3.489231161,5.359059281,7.102209507,9.718502832,5.996455442,5.875031235,4.652540655,3.581305038,2.296907295,
Philippines,PHL,1.765706155,1.213484642,1.493797276,2.083551076,1.854362732,1.658844157,2.01786927,2.171573468,1.413533173,1.096060016,0.98060726,0.430944465,0.339578627,0.305092419,0.245288846,0.47049623,0.287583126,0.270931754,0.175986051,0.215583814,0.676057023,
Palau,PLW,,,,,,,,,,,,,,,,,,,,,,
Papua New Guinea,PNG,250.0601102,241.614079,202.6431877,214.2252969,268.8307521,217.6317672,222.9133891,183.7791656,169.1918236,218.8185379,147.6345296,120.3199167,161.5208381,182.3509563,203.0858467,109.1208534,146.1557302,145.7949111,151.2577263,128.1780705,164.3137994,
Poland,POL,,,,,,,,,,,,,,,,,,,,,,
Pre-demographic dividend,PRE,361.2095931,360.2671802,346.6588821,339.439241,330.5791797,321.9716612,312.5244963,303.6189711,296.0433881,286.2920341,276.0551511,265.0061144,254.3176127,243.3209996,233.9249214,229.1101341,228.0025164,229.3329498,227.9480674,225.2308941,235.6498824,
Puerto Rico,PRI,,,,,,,,,,,,,,,,,,,,,,
"Korea, Dem. People's Rep.",PRK,10.11711152,12.79922896,10.84665986,1.799007033,1.707858718,0.720798012,0.735977985,0.507672848,1.749884963,1.533949108,1.410415018,1.739587851,2.256263403,1.479998245,1.076695576,0.714069114,0.509302796,0.463552563,0.37066699,0.186487471,0.180705339,
Portugal,PRT,,,,,,,,,,,,,,,,,,,,,,
Paraguay,PRY,35.7606909,13.86735441,13.94928446,6.864345348,3.364032962,1.793319883,3.866118614,6.209972076,1.557603939,0.360519509,0.088917342,0.004385523,0,0,0,0,0,0,0,0,0,
West Bank and Gaza,PSE,,,,,,,,,,,,,,,,,,,,,,
Pacific island small states,PSS,,,,,,,,,,,,,,,,,,,,,,
Post-demographic dividend,PST,,,,,,,,,,,,,,,,,,,,,,
French Polynesia,PYF,,,,,,,,,,,,,,,,,,,,,,
Qatar,QAT,,,,,,,,,,,,,,,,,,,,,,
Romania,ROU,,,,,,,,,,,,,,,,,,,,,,
Russian Federation,RUS,,,,,,,,,,,,,,,,,,,,,,
Rwanda,RWA,250.0388218,238.6040833,190.4296172,151.7545541,129.9128992,157.407508,154.4617023,90.63843475,71.77895985,158.1004153,107.5534064,37.94796107,61.27074331,112.3450706,207.4339551,315.3788535,418.8797351,724.5673969,498.672936,363.5800698,230.543454,
South Asia,SAS,19.04808781,19.03133253,17.74981944,18.30743426,19.10959926,20.1945156,16.34669419,15.64815745,15.97490467,16.1962279,15.97165729,14.01823756,11.19621958,8.840049505,8.838482619,8.981343206,9.496512096,7.262493394,5.301240762,4.272677222,3.157662384,
Saudi Arabia,SAU,3.991832691,1.809786388,1.495285158,0.95830964,0.664810737,0.555056756,0.651190614,0.231470352,0.029412757,0.027187249,0.013201422,0.030470087,0.035108767,0.01412271,0.012112755,0.032665552,0.104653865,0.066748751,0.022593203,0.013842081,0.029760432,
Sudan,SDN,92.77144775,86.35269925,66.65404159,61.08877858,55.37404959,54.65161747,52.67851909,46.51381978,38.63531131,34.62975633,32.72938507,32.5628764,33.06528916,34.93929203,38.5727577,42.21243079,53.2598186,53.77650478,59.18902968,65.59086073,73.39837798,
Senegal,SEN,306.242231,273.6444887,223.6201311,202.7612847,138.9980616,125.2643456,121.2690226,99.26732756,52.37665248,32.89095858,60.47494495,48.89758286,53.26776098,61.78315883,38.56818538,69.34406607,45.62846308,52.25296728,66.08033241,41.24975869,49.92937739,
Singapore,SGP,,,,,,,,,,,,,,,,,,,,,,
Solomon Islands,SLB,623.1537825,681.255346,649.7857701,540.4670711,744.164172,614.7977937,591.8597449,319.1450932,186.8613695,147.6481776,174.9486205,116.9097156,94.86017384,94.92145717,52.39088244,66.6738123,137.2685868,164.5102427,134.1116803,212.7979467,167.6727808,
Sierra Leone,SLE,469.9969681,473.005335,465.0253636,444.0573235,428.588175,408.435092,392.090221,397.6348499,425.2909263,447.0641594,448.0709317,441.3300264,429.6283131,414.0969336,400.7931707,391.7673802,386.2408898,369.6118023,361.8768732,347.4770347,328.1901621,
El Salvador,SLV,0.629994252,0.300869113,0.096669129,0.069855531,0.091590743,0.054534459,0.039704501,0.032271624,0.02651139,0.016799892,0.013542288,0.005552273,0.010266146,0.004716933,0.004695166,0.003894084,0.009300199,0,0,0,0,
San Marino,SMR,,,,,,,,,,,,,,,,,,,,,,
Somalia,SOM,125.5839274,125.9605306,126.188162,120.998385,119.9914,136.5642448,120.0676818,100.5631526,63.09933643,38.43658277,43.70153661,35.61274144,35.71598752,41.76121548,47.70202914,55.74832589,56.01550265,55.7285201,51.4618784,49.13941425,52.20150093,
Serbia,SRB,,,,,,,,,,,,,,,,,,,,,,
Sub-Saharan Africa (excluding high income),SSA,352.9751107,352.5089118,337.1261196,331.036486,323.5068798,310.8440133,301.6280789,292.2112657,282.8658046,279.0510508,271.5095657,260.6082159,252.7525226,244.5236066,234.2609579,228.2838391,223.5553693,226.188084,218.4199311,214.130079,223.8786235,
South Sudan,SSD,367.1643173,357.1813975,336.6075454,318.7883209,306.6630308,305.7484205,305.2316644,299.4699791,293.152562,286.0803097,285.6964368,290.8579709,287.8003071,285.738332,276.3054101,271.0006489,266.5478577,277.7836843,278.7906512,281.2588986,286.886613,
Sub-Saharan Africa,SSF,352.9751107,352.5089118,337.1261196,331.036486,323.5068798,310.8440133,301.6280789,292.2112657,282.8658046,279.0510508,271.5095657,260.6082159,252.7525226,244.5236066,234.2609579,228.2838391,223.5553693,226.188084,218.4199311,214.130079,223.8786235,
Small states,SST,,,,,,,,,,,,,,,,,,,,,,
Sao Tome and Principe,STP,224.758196,290.7294833,343.0722279,283.6075928,302.3755009,115.188732,31.82909028,14.55829029,36.57040007,35.14956475,15.19082784,45.75089014,66.61570963,48.12157688,8.961461628,10.30891651,11.01264141,10.81193321,13.9173206,12.70414047,8.819999909,
Suriname,SUR,163.3313206,227.3508645,180.2316602,152.3838597,114.8993362,123.776603,44.07015851,14.62232288,27.3115295,32.34407155,22.66125833,10.05756215,7.117660304,9.018370755,4.907059558,0.980819529,0.910910551,0.225487171,0.340883712,1.106362165,1.696577991,
Slovak Republic,SVK,,,,,,,,,,,,,,,,,,,,,,
Slovenia,SVN,,,,,,,,,,,,,,,,,,,,,,
Sweden,SWE,,,,,,,,,,,,,,,,,,,,,,
Eswatini,SWZ,2.813299233,4.915260209,2.348117125,1.194209133,1.997494432,0.966866624,0.534287467,0.287728384,0.197288977,0.358000466,0.898861331,1.262626263,1.353412817,2.392250161,1.268729249,1.02869343,0.8014927,1.397064894,2.156174958,0.743443543,0.717265157,
Sint Maarten (Dutch part),SXM,,,,,,,,,,,,,,,,,,,,,,
Seychelles,SYC,,,,,,,,,,,,,,,,,,,,,,
Syrian Arab Republic,SYR,0.000365612,0.00375748,0.000877982,0.000114842,5.61E-05,0,0,0,0,0,0,0,0,0,0,0,0,0,0,0,0,
Turks and Caicos Islands,TCA,,,,,,,,,,,,,,,,,,,,,,
Chad,TCD,267.0518561,268.3824489,233.8405005,228.38149,221.9096785,223.1304985,225.9495083,226.1539783,227.2191408,233.7840942,233.5183785,217.642473,202.3903191,190.3930881,188.7097365,189.657259,192.7319195,196.3210883,206.1052067,203.2611934,206.2783474,
East Asia & Pacific (IDA & IBRD countries),TEA,6.10332753,5.712526863,5.342759722,5.456548854,5.841054515,5.406003065,5.342781864,4.742846772,4.85480636,5.275085218,5.971074902,4.71576351,5.328338326,3.953341129,3.558766403,2.533921548,2.671006379,2.357822804,2.239051667,2.01507057,2.366650681,
Europe & Central Asia (IDA & IBRD countries),TEC,,,,,,,,,,,,,,,,,,,,,,
Togo,TGO,445.7839179,441.9406661,444.3766067,453.6830457,465.7990369,461.2870063,445.5981305,422.6729456,378.9661304,335.3555682,318.5719175,316.8513232,341.313976,367.1621047,364.9670909,352.4715144,320.3282791,273.5612867,244.9188405,229.1431252,228.8580976,
Thailand,THA,6.576403001,5.26888673,3.664740899,3.049641187,2.164023056,2.399186168,2.425734793,2.641832265,2.262905787,2.321917619,2.547265579,1.943212793,3.643022767,3.217204038,3.173805059,0.615218632,0.567542961,0.433555918,0.309455752,0.242049931,0.227024885,
Tajikistan,TJK,9.181925324,5.395705612,2.869693106,2.484350378,1.612411796,1.018242819,0.581278423,0.269189845,0.132053549,0.066671355,0.044547859,0.030338779,0.010645599,0.001485902,0.000725573,0,0,0,0,0,,
Turkmenistan,TKM,0.08175835,0.026966444,0.060069881,0.02313109,0.009812901,0.003235701,0.003198393,0,0,0,0,0,0,0,0,0,0,0,0,0,,
Latin America & the Caribbean (IDA & IBRD countries),TLA,14.07436704,11.65464875,10.4614141,10.09409688,9.842486431,10.76969435,9.140707384,8.113265644,5.640565013,5.495057162,6.4799024,4.809792466,4.521795938,4.39287805,3.586013075,4.494839726,5.088520909,6.921050995,6.737406578,6.420847504,4.643306855,
Timor-Leste,TLS,151.8814457,151.8817839,120.253697,75.80450512,256.0471299,164.2731447,171.8519867,117.6661893,135.1607834,102.185721,99.74106993,31.29623633,7.26352033,1.559909946,0.514273349,0.097766915,0.09766715,0.018814724,0,0,0.003225788,
Middle East & North Africa (IDA & IBRD countries),TMN,8.210021779,8.967524448,9.729143577,8.751456209,6.878104951,7.107281084,8.301633626,5.802913681,3.596333864,4.545016154,7.147773414,4.938765211,5.279651529,4.234953519,3.549844103,3.067745835,3.898004658,4.331199791,5.010419844,4.899561547,4.598371565,
Tonga,TON,,,,,,,,,,,,,,,,,,,,,,
South Asia (IDA & IBRD),TSA,19.04808781,19.03133253,17.74981944,18.30743426,19.10959926,20.1945156,16.34669419,15.64815745,15.97490467,16.1962279,15.97165729,14.01823756,11.19621958,8.840049505,8.838482619,8.981343206,9.496512096,7.262493394,5.301240762,4.272677222,3.157662384,
Sub-Saharan Africa (IDA & IBRD countries),TSS,352.9751107,352.5089118,337.1261196,331.036486,323.5068798,310.8440133,301.6280789,292.2112657,282.8658046,279.0510508,271.5095657,260.6082159,252.7525226,244.5236066,234.2609579,228.2838391,223.5553693,226.188084,218.4199311,214.130079,223.8786235,
Trinidad and Tobago,TTO,,,,,,,,,,,,,,,,,,,,,,
Tunisia,TUN,,,,,,,,,,,,,,,,,,,,,,
Turkiye,TUR,2.781094397,2.591255352,2.41448236,2.146742489,1.217252756,0.472163535,0.178108258,0.069204611,0.036266634,0.008196914,0,0,0,0,0,0,0,0,,0,,
Tuvalu,TUV,,,,,,,,,,,,,,,,,,,,,,
Tanzania,TZA,339.9334951,328.4190926,302.4459687,283.7147059,267.0958151,248.3783883,226.712929,198.6261834,171.065997,151.1038929,137.3731485,127.4337846,124.6389234,134.5185317,144.9089242,140.3043014,131.282603,123.5707417,114.9249984,111.8400272,120.1733231,
Uganda,UGA,487.2255193,507.9743822,500.1525593,484.1246799,449.8246916,433.6452879,421.3103804,415.4135466,417.9607051,423.0513319,409.4366551,394.67972,376.5559686,332.3444139,294.2823828,253.5147797,283.1371325,294.9032599,262.6915805,262.6915582,283.8175292,
Ukraine,UKR,,,,,,,,,,,,,,,,,,,,,,
Upper middle income,UMC,3.33318493,3.06377196,2.740294587,2.593109994,2.48507294,2.532257198,2.307061149,2.048721916,1.60141248,1.613911805,1.784541983,1.605127417,1.708103146,1.757270425,1.74312244,1.771675155,1.678086177,1.812410505,1.695660263,1.551368048,1.60800786,
Uruguay,URY,,,,,,,,,,,,,,,,,,,,,,
United States,USA,,,,,,,,,,,,,,,,,,,,,,
Uzbekistan,UZB,5.087003916,3.066751633,2.909834454,2.873898015,2.530965985,3.859688954,2.723474108,1.102779003,0.253384493,0,0.105207785,0,0,0,0,0,0,0,0,0,,
St. Vincent and the Grenadines,VCT,,,,,,,,,,,,,,,,,,,,,,
"Venezuela, RB",VEN,2.936205546,1.934070072,2.791110231,2.936016904,4.230092604,4.008634238,3.250479792,3.584462485,2.712565928,2.991472658,4.07208988,3.708476692,4.21309673,6.189104305,7.061817985,10.61511359,18.88678155,32.82831924,32.90131144,32.78326689,16.29930178,
British Virgin Islands,VGB,,,,,,,,,,,,,,,,,,,,,,
Virgin Islands (U.S.),VIR,,,,,,,,,,,,,,,,,,,,,,
Vietnam,VNM,3.419993,3.111349457,2.187570467,1.592471333,0.923919367,0.657195449,0.699462118,0.445123657,0.281794701,0.356043202,0.354135095,0.308501587,0.360182982,0.310389694,0.281985604,0.165192849,0.072798974,0.078672241,0.053638129,0.052636378,0.02309811,
Vanuatu,VUT,125.2514003,98.84307829,189.014423,214.5506634,200.3889812,122.4376678,107.0207436,124.4486567,119.141077,64.65749379,88.78314763,47.9316569,33.64261237,20.75304808,9.197083611,2.910064619,15.00758104,7.936980515,3.987357991,3.491373273,2.962721797,
World,WLD,81.59621035,82.0168557,78.93389462,78.55565072,78.04392167,76.43416281,73.70299986,71.72125651,70.3771526,70.56515071,69.48534716,66.50793838,64.27409694,61.76140097,59.83101903,58.87312431,58.7045411,59.151702,57.22912693,56.27382274,59.5233737,
Samoa,WSM,,,,,,,,,,,,,,,,,,,,,,
Kosovo,XKX,,,,,,,,,,,,,,,,,,,,,,
"Yemen, Rep.",YEM,93.98674766,101.9300868,109.9466648,97.09780442,75.89993245,77.35435375,90.10859411,62.12438768,38.25232356,48.35523828,75.82274239,51.64892354,54.56604894,43.2022854,35.27508302,30.07636572,37.75155447,41.63530579,47.40647895,44.78733728,40.56840469,
South Africa,ZAF,4.017104718,5.816383875,3.39083238,2.880829055,2.833272117,1.619654227,2.494975197,1.288076326,1.566107788,1.202923866,1.573697463,1.897170877,1.253202091,1.610255868,2.145966811,0.895346635,0.769112526,3.949675275,1.650732941,0.528704234,0.752503554,
Zambia,ZMB,397.1114663,404.1539826,371.4538781,348.5236401,301.7934676,258.4483754,222.4931199,193.4367851,172.5598825,165.2190343,168.4754784,180.5119502,200.3485896,227.6134654,232.3185773,219.3227439,205.9687417,185.2472183,178.8396812,174.3986938,186.8986196,
Zimbabwe,ZWE,113.0327832,113.0327861,113.0328234,113.0328786,113.0327924,113.0328701,113.0328217,175.1204739,74.72573331,90.14505069,109.7937067,70.67823409,57.21867894,81.95160632,101.8935103,97.61002506,68.37582932,118.8243971,55.82632849,67.87406436,98.50933099,